﻿Comment,Designator,Footprint,JLCPCB Part #
1k5,"R2,R7",R_0402_1005Metric,C144792
SW_SPDT,SW1,SW_E-Switch_EG1224_SPDT_Angled,C273395
SD Card Adapter,J4,PinSocket_1x05_P2.54mm_Horizontal,C124405
22u,"C14,C15,C12,C13",C_0805_2012Metric,"
C307562"
10u,C5,C_0603_1608Metric,"
C90806"
MAX30102 RHS Mount,J7,PinHeader_1x04_P2.54mm_Vertical,"
C5142856"
10p,"C11,C10",C_0402_1005Metric,C258501
1u,"C8,C7",C_0402_1005Metric,"
C113791"
debug connector,J1,PinSocket_1x04_P2.54mm_Vertical,C5116530
120R,FB1,L_0603_1608Metric,C14710
MAX30102 LHS Mount,J6,PinHeader_1x04_P2.54mm_Vertical,C5142856
4k7,"R4,R5,R3,R6",R_0402_1005Metric,C270129
hc-05 connector,J5,PinSocket_1x05_P2.54mm_Horizontal,C124405
100n,"C1,C4,C3,C9,C2",C_0402_1005Metric,"
C361203"
Red,D1,C_0603_1608Metric,C19171390
MPU Connector,J3,PinHeader_1x04_P2.54mm_Vertical,C5142856
16 MHz,Y1,Crystal_SMD_3225-4Pin_3.2x2.5mm,"
C251610"
10n,C6,C_0402_1005Metric,"
C650944"
AMS1117-5.0,U3,SOT-223-3_TabPin2,"
C2992571"
Red,D2,LED_0603_1608Metric,C19171390
10k,R1,R_0402_1005Metric,"

C881209"
AMS1117-3.3,U2,SOT-223-3_TabPin2,"
C5181460"
STM32F103C8Tx,U1,LQFP-48_7x7mm_P0.5mm,C8734
USB_B_Micro,J2,USB_Micro-B_Wuerth_629105150521,"
C2894326"