Designator,Mid X,Mid Y,Layer,Rotation
C1,86.52mm,-66mm,top,180
C2,89.8mm,-56.88mm,top,-90
C3,80mm,-53.5mm,top,0
C4,77.5mm,-56.98mm,top,-90
C5,81.725mm,-51mm,top,0
C6,75.5mm,-62.98mm,top,90
C7,76.48mm,-64.5mm,top,180
C8,76.48mm,-66mm,top,180
C9,75mm,-57mm,top,0
C10,75.5mm,-58.98mm,top,90
C11,75.5mm,-60.98mm,top,90
C12,98.05mm,-70.5mm,top,0
C13,102.05mm,-70.5mm,top,0
C14,92mm,-53.95mm,top,90
C15,92mm,-49.45mm,top,-90
D1,91.98mm,-78.5mm,top,0
D2,95.5mm,-46mm,top,0
FB1,71.6125mm,-63.1mm,top,180
J1,94mm,-61mm,top,0
J2,101.55mm,-62.875mm,top,90
J3,83.42mm,-44.5mm,top,90
J4,57.92mm,-73mm,top,90
J5,67mm,-59mm,top,0
J6,74mm,-71.5mm,top,90
J7,73.96mm,-81.5mm,top,90
R1,82.01mm,-53.5mm,top,0
R2,91.79mm,-73.5mm,top,0
R3,82.9mm,-47.9mm,top,0
R4,86.21mm,-49mm,top,180
R5,81.49mm,-78.5mm,top,0
R6,77.99mm,-78.5mm,top,0
R7,98.99mm,-46mm,top,0
SW1,61.8mm,-41.45mm,top,0
U1,83.75mm,-59.6625mm,top,0
U2,100.2mm,-76.65mm,top,-90
U3,98.35mm,-52mm,top,0
Y1,72.65mm,-60.1mm,top,-90